ilID;ilceID;il;ilce;km2
1;1757;ADANA;ALADAĞ;1340
1;1219;ADANA;CEYHAN;1426
1;2033;ADANA;ÇUKUROVA;250
1;1329;ADANA;FEKE;1218
1;1806;ADANA;İMAMOĞLU;445
1;1437;ADANA;KARAİSALI;1165
1;1443;ADANA;KARATAŞ;862
1;1486;ADANA;KOZAN;1903
1;1580;ADANA;POZANTI;899
1;1588;ADANA;SAİMBEYLİ;989
1;2032;ADANA;SARIÇAM;770
1;1104;ADANA;SEYHAN;444
1;1687;ADANA;TUFANBEYLİ;851
1;1734;ADANA;YUMURTALIK;447
1;1748;ADANA;YÜREĞİR;835
2;1105;ADIYAMAN;MERKEZ;1814
2;1182;ADIYAMAN;BESNİ;1235
2;1246;ADIYAMAN;ÇELİKHAN;444
2;1347;ADIYAMAN;GERGER;668
2;1354;ADIYAMAN;GÖLBAŞI;800
2;1425;ADIYAMAN;KAHTA;1274
2;1592;ADIYAMAN;SAMSAT;319
2;1985;ADIYAMAN;SİNCİK;495
2;1989;ADIYAMAN;TUT;290
3;1108;AFYONKARAHİSAR;MERKEZ;1261
3;1771;AFYONKARAHİSAR;BAŞMAKÇI;361
3;1773;AFYONKARAHİSAR;BAYAT;411
3;1200;AFYONKARAHİSAR;BOLVADİN;944
3;1239;AFYONKARAHİSAR;ÇAY;803
3;1906;AFYONKARAHİSAR;ÇOBANLAR;165
3;1267;AFYONKARAHİSAR;DAZKIRI;408
3;1281;AFYONKARAHİSAR;DİNAR;1254
3;1306;AFYONKARAHİSAR;EMİRDAĞ;2103
3;1923;AFYONKARAHİSAR;EVCİLER;252
3;1944;AFYONKARAHİSAR;HOCALAR;506
3;1404;AFYONKARAHİSAR;İHSANİYE;849
3;1809;AFYONKARAHİSAR;İSCEHİSAR;489
3;1961;AFYONKARAHİSAR;KIZILÖREN;111
3;1594;AFYONKARAHİSAR;SANDIKLI;1238
3;1626;AFYONKARAHİSAR;SİNANPAŞA;889
3;1639;AFYONKARAHİSAR;SULTANDAĞI;928
3;1664;AFYONKARAHİSAR;ŞUHUT;1044
4;1111;AĞRI;MERKEZ;1695
4;1283;AĞRI;DİYADİN;1351
4;1287;AĞRI;DOĞUBAYAZIT;2250
4;1301;AĞRI;ELEŞKİRT;1307
4;1379;AĞRI;HAMUR;873
4;1568;AĞRI;PATNOS;1394
4;1667;AĞRI;TAŞLIÇAY;822
4;1691;AĞRI;TUTAK;1407
68;1860;AKSARAY;AĞAÇÖREN;407
68;1120;AKSARAY;MERKEZ;3540
68;1921;AKSARAY;ESKİL;1701
68;1932;AKSARAY;GÜLAĞAÇ;326
68;1861;AKSARAY;GÜZELYURT;285
68;1557;AKSARAY;ORTAKÖY;727
68;1866;AKSARAY;SARIYAHŞİ;210
68;2106;AKSARAY;SULTANHANI;463
5;1134;AMASYA;MERKEZ;1889
5;1363;AMASYA;GÖYNÜCEK;591
5;1368;AMASYA;GÜMÜŞHACIKÖY;629
5;1938;AMASYA;HAMAMÖZÜ;204
5;1524;AMASYA;MERZİFON;888
5;1641;AMASYA;SULUOVA;456
5;1668;AMASYA;TAŞOVA;971
6;1872;ANKARA;AKYURT;369
6;1130;ANKARA;ALTINDAĞ;123
6;1157;ANKARA;AYAŞ;1041
6;1167;ANKARA;BALA;1851
6;1187;ANKARA;BEYPAZARI;1697
6;1227;ANKARA;ÇAMLIDERE;782
6;1231;ANKARA;ÇANKAYA;483
6;1260;ANKARA;ÇUBUK;1198
6;1302;ANKARA;ELMADAĞ;647
6;1922;ANKARA;ETİMESGUT;273
6;1924;ANKARA;EVREN;222
6;1744;ANKARA;GÖLBAŞI;1364
6;1365;ANKARA;GÜDÜL;540
6;1387;ANKARA;HAYMANA;2164
6;1427;ANKARA;KALECİK;1110
6;1815;ANKARA;KAHRAMANKAZAN;547
6;1745;ANKARA;KEÇİÖREN;159
6;1473;ANKARA;KIZILCAHAMAM;1623
6;1746;ANKARA;MAMAK;321
6;1539;ANKARA;NALLIHAN;2079
6;1578;ANKARA;POLATLI;3618
6;2034;ANKARA;PURSAKLAR;169
6;1747;ANKARA;SİNCAN;880
6;1658;ANKARA;ŞEREFLİKOÇHİSAR;2155
6;1723;ANKARA;YENİMAHALLE;219
7;1121;ANTALYA;AKSEKİ;1544
7;2035;ANTALYA;AKSU;406
7;1126;ANTALYA;ALANYA;1577
7;1811;ANTALYA;DEMRE;329
7;2036;ANTALYA;DÖŞEMEALTI;687
7;1303;ANTALYA;ELMALI;1433
7;1333;ANTALYA;FİNİKE;768
7;1337;ANTALYA;GAZİPAŞA;1111
7;1370;ANTALYA;GÜNDOĞMUŞ;1175
7;1946;ANTALYA;İBRADI;778
7;1451;ANTALYA;KAŞ;1750
7;1959;ANTALYA;KEMER;412
7;2037;ANTALYA;KEPEZ;292
7;2038;ANTALYA;KONYAALTI;546
7;1483;ANTALYA;KORKUTELİ;2433
7;1492;ANTALYA;KUMLUCA;1225
7;1512;ANTALYA;MANAVGAT;2351
7;2039;ANTALYA;MURATPAŞA;96
7;1616;ANTALYA;SERİK;1263
75;1144;ARDAHAN;MERKEZ;1261
75;1252;ARDAHAN;ÇILDIR;988
75;2008;ARDAHAN;DAMAL;165
75;1356;ARDAHAN;GÖLE;1290
75;1380;ARDAHAN;HANAK;647
75;1579;ARDAHAN;POSOF;583
8;1145;ARTVİN;ARDANUÇ;958
8;1147;ARTVİN;ARHAVİ;407
8;1152;ARTVİN;MERKEZ;1141
8;1202;ARTVİN;BORÇKA;805
8;1395;ARTVİN;HOPA;130
8;1828;ARTVİN;MURGUL;301
8;2105;ARTVİN;KEMALPAŞA;74
8;1653;ARTVİN;ŞAVŞAT;1316
8;1736;ARTVİN;YUSUFELİ;2261
9;1206;AYDIN;BOZDOĞAN;859
9;1781;AYDIN;BUHARKENT;124
9;1256;AYDIN;ÇİNE;820
9;2000;AYDIN;DİDİM;424
9;2076;AYDIN;EFELER;624
9;1348;AYDIN;GERMENCİK;394
9;1807;AYDIN;İNCİRLİOVA;188
9;1435;AYDIN;KARACASU;727
9;1957;AYDIN;KARPUZLU;286
9;1479;AYDIN;KOÇARLI;455
9;1968;AYDIN;KÖŞK;187
9;1497;AYDIN;KUŞADASI;265
9;1498;AYDIN;KUYUCAK;544
9;1542;AYDIN;NAZİLLİ;691
9;1637;AYDIN;SÖKE;1064
9;1640;AYDIN;SULTANHİSAR;220
9;1724;AYDIN;YENİPAZAR;245
10;2077;BALIKESİR;ALTIEYLÜL;956
10;1161;BALIKESİR;AYVALIK;305
10;1169;BALIKESİR;BALYA;797
10;1171;BALIKESİR;BANDIRMA;755
10;1191;BALIKESİR;BİGADİÇ;1108
10;1216;BALIKESİR;BURHANİYE;420
10;1291;BALIKESİR;DURSUNBEY;1719
10;1294;BALIKESİR;EDREMİT;682
10;1310;BALIKESİR;ERDEK;307
10;1928;BALIKESİR;GÖMEÇ;171
10;1360;BALIKESİR;GÖNEN;1162
10;1384;BALIKESİR;HAVRAN;565
10;1418;BALIKESİR;İVRİNDİ;818
10;2078;BALIKESİR;KARESİ;695
10;1462;BALIKESİR;KEPSUT;889
10;1514;BALIKESİR;MANYAS;634
10;1824;BALIKESİR;MARMARA;134
10;1608;BALIKESİR;SAVAŞTEPE;427
10;1619;BALIKESİR;SINDIRGI;1387
10;1644;BALIKESİR;SUSURLUK;652
74;1761;BARTIN;AMASRA;178
74;1172;BARTIN;MERKEZ;1091
74;1496;BARTIN;KURUCAŞİLE;152
74;1701;BARTIN;ULUS;909
72;1174;BATMAN;MERKEZ;653
72;1184;BATMAN;BEŞİRİ;809
72;1345;BATMAN;GERCÜŞ;914
72;1941;BATMAN;HASANKEYF;293
72;1487;BATMAN;KOZLUK;1101
72;1607;BATMAN;SASON;706
69;1767;BAYBURT;AYDINTEPE;446
69;1176;BAYBURT;MERKEZ;2705
69;1788;BAYBURT;DEMİRÖZÜ;594
11;1192;BİLECİK;MERKEZ;793
11;1210;BİLECİK;BOZÜYÜK;860
11;1359;BİLECİK;GÖLPAZARI;670
11;1948;BİLECİK;İNHİSAR;244
11;1559;BİLECİK;OSMANELİ;490
11;1571;BİLECİK;PAZARYERİ;324
11;1636;BİLECİK;SÖĞÜT;523
11;1857;BİLECİK;YENİPAZAR;273
12;1750;BİNGÖL;ADAKLI;825
12;1193;BİNGÖL;MERKEZ;1814
12;1344;BİNGÖL;GENÇ;1443
12;1446;BİNGÖL;KARLIOVA;1566
12;1475;BİNGÖL;KİĞI;483
12;1633;BİNGÖL;SOLHAN;1032
12;1855;BİNGÖL;YAYLADERE;417
12;1996;BİNGÖL;YEDİSU;423
13;1106;BİTLİS;ADİLCEVAZ;1586
13;1112;BİTLİS;AHLAT;1153
13;1196;BİTLİS;MERKEZ;1064
13;1798;BİTLİS;GÜROYMAK;515
13;1394;BİTLİS;HİZAN;1021
13;1537;BİTLİS;MUTKİ;1069
13;1669;BİTLİS;TATVAN;1885
14;1199;BOLU;MERKEZ;1616
14;1916;BOLU;DÖRTDİVAN;634
14;1346;BOLU;GEREDE;1060
14;1364;BOLU;GÖYNÜK;1407
14;1466;BOLU;KIBRISCIK;562
14;1522;BOLU;MENGEN;874
14;1531;BOLU;MUDURNU;1314
14;1610;BOLU;SEBEN;683
14;1997;BOLU;YENİÇAĞA;163
15;1109;BURDUR;AĞLASUN;305
15;1874;BURDUR;ALTINYAYLA;221
15;1211;BURDUR;BUCAK;1511
15;1215;BURDUR;MERKEZ;1567
15;1899;BURDUR;ÇAVDIR;482
15;1903;BURDUR;ÇELTİKÇİ;161
15;1357;BURDUR;GÖLHİSAR;494
15;1813;BURDUR;KARAMANLI;372
15;1816;BURDUR;KEMER;373
15;1672;BURDUR;TEFENNİ;582
15;1728;BURDUR;YEŞİLOVA;1108
16;1783;BURSA;BÜYÜKORHAN;505
16;1343;BURSA;GEMLİK;401
16;1935;BURSA;GÜRSU;106
16;1799;BURSA;HARMANCIK;400
16;1411;BURSA;İNEGÖL;1118
16;1420;BURSA;İZNİK;753
16;1434;BURSA;KARACABEY;1158
16;1457;BURSA;KELES;617
16;1960;BURSA;KESTEL;396
16;1530;BURSA;MUDANYA;369
16;1535;BURSA;MUSTAFAKEMALPAŞA;1641
16;1829;BURSA;NİLÜFER;552
16;1553;BURSA;ORHANELİ;838
16;1554;BURSA;ORHANGAZİ;506
16;1832;BURSA;OSMANGAZİ;621
16;1725;BURSA;YENİŞEHİR;720
16;1859;BURSA;YILDIRIM;110
17;1160;ÇANAKKALE;AYVACIK;880
17;1180;ÇANAKKALE;BAYRAMİÇ;1204
17;1190;ÇANAKKALE;BİGA;1310
17;1205;ÇANAKKALE;BOZCAADA;37
17;1229;ÇANAKKALE;ÇAN;905
17;1230;ÇANAKKALE;MERKEZ;1016
17;1293;ÇANAKKALE;ECEABAT;430
17;1326;ÇANAKKALE;EZİNE;727
17;1340;ÇANAKKALE;GELİBOLU;823
17;1408;ÇANAKKALE;GÖKÇEADA;282
17;1503;ÇANAKKALE;LAPSEKİ;821
17;1722;ÇANAKKALE;YENİCE;1381
18;1765;ÇANKIRI;ATKARACALAR;234
18;1885;ÇANKIRI;BAYRAMÖREN;310
18;1232;ÇANKIRI;MERKEZ;1440
18;1248;ÇANKIRI;ÇERKEŞ;947
18;1300;ÇANKIRI;ELDİVAN;350
18;1399;ÇANKIRI;ILGAZ;845
18;1817;ÇANKIRI;KIZILIRMAK;514
18;1963;ÇANKIRI;KORGUN;378
18;1494;ÇANKIRI;KURŞUNLU;609
18;1555;ÇANKIRI;ORTA;706
18;1649;ÇANKIRI;ŞABANÖZÜ;467
18;1718;ÇANKIRI;YAPRAKLI;741
19;1124;ÇORUM;ALACA;1296
19;1177;ÇORUM;BAYAT;717
19;1778;ÇORUM;BOĞAZKALE;264
19;1259;ÇORUM;MERKEZ;2436
19;1911;ÇORUM;DODURGA;229
19;1414;ÇORUM;İSKİLİP;1170
19;1445;ÇORUM;KARGI;1174
19;1972;ÇORUM;LAÇİN;196
19;1520;ÇORUM;MECİTÖZÜ;825
19;1976;ÇORUM;OĞUZLAR;121
19;1556;ÇORUM;ORTAKÖY;300
19;1558;ÇORUM;OSMANCIK;1273
19;1642;ÇORUM;SUNGURLU;1999
19;1850;ÇORUM;UĞURLUDAĞ;428
20;1102;DENİZLİ;ACIPAYAM;1772
20;1769;DENİZLİ;BABADAĞ;124
20;1881;DENİZLİ;BAKLAN;283
20;1774;DENİZLİ;BEKİLLİ;304
20;1888;DENİZLİ;BEYAĞAÇ;333
20;1889;DENİZLİ;BOZKURT;462
20;1214;DENİZLİ;BULDAN;523
20;1224;DENİZLİ;ÇAL;860
20;1226;DENİZLİ;ÇAMELİ;758
20;1233;DENİZLİ;ÇARDAK;423
20;1257;DENİZLİ;ÇİVRİL;1570
20;1371;DENİZLİ;GÜNEY;362
20;1803;DENİZLİ;HONAZ;449
20;1426;DENİZLİ;KALE;684
20;2079;DENİZLİ;MERKEZEFENDİ;336
20;1871;DENİZLİ;PAMUKKALE;823
20;1597;DENİZLİ;SARAYKÖY;379
20;1840;DENİZLİ;SERİNHİSAR;256
20;1670;DENİZLİ;TAVAS;1432
21;2040;DİYARBAKIR;BAĞLAR;429
21;1195;DİYARBAKIR;BİSMİL;1679
21;1249;DİYARBAKIR;ÇERMİK;948
21;1253;DİYARBAKIR;ÇINAR;1934
21;1263;DİYARBAKIR;ÇÜNGÜŞ;512
21;1278;DİYARBAKIR;DİCLE;738
21;1791;DİYARBAKIR;EĞİL;449
21;1315;DİYARBAKIR;ERGANİ;1510
21;1381;DİYARBAKIR;HANİ;436
21;1389;DİYARBAKIR;HAZRO;426
21;2041;DİYARBAKIR;KAYAPINAR;480
21;1962;DİYARBAKIR;KOCAKÖY;248
21;1490;DİYARBAKIR;KULP;1493
21;1504;DİYARBAKIR;LİCE;982
21;1624;DİYARBAKIR;SİLVAN;1252
21;2042;DİYARBAKIR;SUR;1227
21;2043;DİYARBAKIR;YENİŞEHİR;358
81;1116;DÜZCE;AKÇAKOCA;380
81;1784;DÜZCE;CUMAYERİ;113
81;1905;DÜZCE;ÇİLİMLİ;85
81;1292;DÜZCE;MERKEZ;710
81;1794;DÜZCE;GÖLYAKA;228
81;2017;DÜZCE;GÜMÜŞOVA;103
81;2031;DÜZCE;KAYNAŞLI;237
81;1730;DÜZCE;YIĞILCA;636
22;1295;EDİRNE;MERKEZ;844
22;1307;EDİRNE;ENEZ;455
22;1385;EDİRNE;HAVSA;545
22;1412;EDİRNE;İPSALA;741
22;1464;EDİRNE;KEŞAN;1098
22;1502;EDİRNE;LALAPAŞA;497
22;1523;EDİRNE;MERİÇ;438
22;1988;EDİRNE;SÜLOĞLU;342
22;1705;EDİRNE;UZUNKÖPRÜ;1185
23;1110;ELAZIĞ;AĞIN;242
23;1873;ELAZIĞ;ALACAKAYA;318
23;1762;ELAZIĞ;ARICAK;354
23;1173;ELAZIĞ;BASKİL;1318
23;1298;ELAZIĞ;MERKEZ;2243
23;1438;ELAZIĞ;KARAKOÇAN;1049
23;1455;ELAZIĞ;KEBAN;641
23;1820;ELAZIĞ;KOVANCILAR;960
23;1506;ELAZIĞ;MADEN;819
23;1566;ELAZIĞ;PALU;730
23;1631;ELAZIĞ;SİVRİCE;710
24;1243;ERZİNCAN;ÇAYIRLI;1062
24;1318;ERZİNCAN;MERKEZ;1521
24;1406;ERZİNCAN;İLİÇ;1382
24;1459;ERZİNCAN;KEMAH;2311
24;1460;ERZİNCAN;KEMALİYE;1207
24;1977;ERZİNCAN;OTLUKBELİ;320
24;1583;ERZİNCAN;REFAHİYE;1808
24;1675;ERZİNCAN;TERCAN;1614
24;1853;ERZİNCAN;ÜZÜMLÜ;591
25;1153;ERZURUM;AŞKALE;1507
25;1945;ERZURUM;AZİZİYE;1529
25;1235;ERZURUM;ÇAT;1448
25;1392;ERZURUM;HINIS;1367
25;1396;ERZURUM;HORASAN;1740
25;1416;ERZURUM;İSPİR;2129
25;1812;ERZURUM;KARAÇOBAN;571
25;1444;ERZURUM;KARAYAZI;1953
25;1967;ERZURUM;KÖPRÜKÖY;777
25;1540;ERZURUM;NARMAN;799
25;1550;ERZURUM;OLTU;1441
25;1551;ERZURUM;OLUR;893
25;2044;ERZURUM;PALANDÖKEN;667
25;1567;ERZURUM;PASİNLER;1134
25;1865;ERZURUM;PAZARYOLU;654
25;1657;ERZURUM;ŞENKAYA;1381
25;1674;ERZURUM;TEKMAN;2102
25;1683;ERZURUM;TORTUM;1463
25;1851;ERZURUM;UZUNDERE;505
25;2045;ERZURUM;YAKUTİYE;945
26;1759;ESKİŞEHİR;ALPU;1028
26;1777;ESKİŞEHİR;BEYLİKOVA;715
26;1255;ESKİŞEHİR;ÇİFTELER;858
26;1934;ESKİŞEHİR;GÜNYÜZÜ;828
26;1939;ESKİŞEHİR;HAN;378
26;1808;ESKİŞEHİR;İNÖNÜ;345
26;1508;ESKİŞEHİR;MAHMUDİYE;659
26;1973;ESKİŞEHİR;MİHALGAZİ;109
26;1527;ESKİŞEHİR;MİHALIÇÇIK;1809
26;2046;ESKİŞEHİR;ODUNPAZARI;1120
26;1599;ESKİŞEHİR;SARICAKAYA;382
26;1618;ESKİŞEHİR;SEYİTGAZİ;1578
26;1632;ESKİŞEHİR;SİVRİHİSAR;2748
26;2047;ESKİŞEHİR;TEPEBAŞI;1403
27;1139;GAZİANTEP;ARABAN;592
27;1415;GAZİANTEP;İSLAHİYE;865
27;1956;GAZİANTEP;KARKAMIŞ;298
27;1546;GAZİANTEP;NİZİP;944
27;1974;GAZİANTEP;NURDAĞI;697
27;1549;GAZİANTEP;OĞUZELİ;689
27;1841;GAZİANTEP;ŞAHİNBEY;960
27;1844;GAZİANTEP;ŞEHİTKAMİL;1290
27;1720;GAZİANTEP;YAVUZELİ;468
28;1133;GİRESUN;ALUCRA;1138
28;1212;GİRESUN;BULANCAK;721
28;1893;GİRESUN;ÇAMOLUK;444
28;1894;GİRESUN;ÇANAKÇI;142
28;1272;GİRESUN;DERELİ;849
28;1912;GİRESUN;DOĞANKENT;110
28;1320;GİRESUN;ESPİYE;248
28;1324;GİRESUN;EYNESİL;51
28;1352;GİRESUN;MERKEZ;376
28;1361;GİRESUN;GÖRELE;237
28;1930;GİRESUN;GÜCE;351
28;1465;GİRESUN;KEŞAP;197
28;1837;GİRESUN;PİRAZİZ;127
28;1654;GİRESUN;ŞEBİNKARAHİSAR;1396
28;1678;GİRESUN;TİREBOLU;259
28;1854;GİRESUN;YAĞLIDERE;327
29;1369;GÜMÜŞHANE;MERKEZ;1889
29;1458;GÜMÜŞHANE;KELKİT;1571
29;1822;GÜMÜŞHANE;KÖSE;353
29;1971;GÜMÜŞHANE;KÜRTÜN;917
29;1660;GÜMÜŞHANE;ŞİRAN;965
29;1684;GÜMÜŞHANE;TORUL;973
30;1261;HAKKARİ;ÇUKURCA;725
30;2107;HAKKARİ;DERECİK;435
30;1377;HAKKARİ;MERKEZ;2179
30;1656;HAKKARİ;ŞEMDİNLİ;1209
30;1737;HAKKARİ;YÜKSEKOVA;2547
31;1131;HATAY;ALTINÖZÜ;392
31;2080;HATAY;ANTAKYA;703
31;2081;HATAY;ARSUZ;462
31;1887;HATAY;BELEN;184
31;2082;HATAY;DEFNE;155
31;1289;HATAY;DÖRTYOL;342
31;1792;HATAY;ERZİN;258
31;1382;HATAY;HASSA;520
31;1413;HATAY;İSKENDERUN;247
31;1468;HATAY;KIRIKHAN;715
31;1970;HATAY;KUMLU;193
31;2083;HATAY;PAYAS;157
31;1585;HATAY;REYHANLI;367
31;1591;HATAY;SAMANDAĞ;384
31;1721;HATAY;YAYLADAĞI;445
76;1142;IĞDIR;ARALIK;852
76;1398;IĞDIR;MERKEZ;1273
76;2011;IĞDIR;KARAKOYUNLU;269
76;1692;IĞDIR;TUZLUCA;1270
32;1755;ISPARTA;AKSU;544
32;1154;ISPARTA;ATABEY;223
32;1297;ISPARTA;EĞİRDİR;1315
32;1341;ISPARTA;GELENDOST;610
32;1929;ISPARTA;GÖNEN;285
32;1401;ISPARTA;MERKEZ;773
32;1456;ISPARTA;KEÇİBORLU;494
32;1615;ISPARTA;SENİRKENT;521
32;1648;ISPARTA;SÜTÇÜLER;1235
32;1651;ISPARTA;ŞARKİKARAAĞAÇ;1068
32;1699;ISPARTA;ULUBORLU;240
32;1717;ISPARTA;YALVAÇ;1402
32;2001;ISPARTA;YENİŞARBADEMLİ;237
34;1103;İSTANBUL;ADALAR;11
34;2048;İSTANBUL;ARNAVUTKÖY;453
34;2049;İSTANBUL;ATAŞEHİR;25
34;2003;İSTANBUL;AVCILAR;50
34;2004;İSTANBUL;BAĞCILAR;23
34;2005;İSTANBUL;BAHÇELİEVLER;17
34;1166;İSTANBUL;BAKIRKÖY;29
34;2050;İSTANBUL;BAŞAKŞEHİR;107
34;1886;İSTANBUL;BAYRAMPAŞA;9
34;1183;İSTANBUL;BEŞİKTAŞ;18
34;1185;İSTANBUL;BEYKOZ;310
34;2051;İSTANBUL;BEYLİKDÜZÜ;39
34;1186;İSTANBUL;BEYOĞLU;9
34;1782;İSTANBUL;BÜYÜKÇEKMECE;173
34;1237;İSTANBUL;ÇATALCA;1142
34;2052;İSTANBUL;ÇEKMEKÖY;152
34;2016;İSTANBUL;ESENLER;19
34;2053;İSTANBUL;ESENYURT;43
34;1325;İSTANBUL;EYÜPSULTAN;228
34;1327;İSTANBUL;FATİH;15
34;1336;İSTANBUL;GAZİOSMANPAŞA;12
34;2010;İSTANBUL;GÜNGÖREN;7
34;1421;İSTANBUL;KADIKÖY;25
34;1810;İSTANBUL;KAĞITHANE;15
34;1449;İSTANBUL;KARTAL;38
34;1823;İSTANBUL;KÜÇÜKÇEKMECE;44
34;2012;İSTANBUL;MALTEPE;53
34;1835;İSTANBUL;PENDİK;190
34;2054;İSTANBUL;SANCAKTEPE;63
34;1604;İSTANBUL;SARIYER;177
34;1622;İSTANBUL;SİLİVRİ;858
34;2014;İSTANBUL;SULTANBEYLİ;29
34;2055;İSTANBUL;SULTANGAZİ;37
34;1659;İSTANBUL;ŞİLE;800
34;1663;İSTANBUL;ŞİŞLİ;10
34;2015;İSTANBUL;TUZLA;138
34;1852;İSTANBUL;ÜMRANİYE;46
34;1708;İSTANBUL;ÜSKÜDAR;35
34;1739;İSTANBUL;ZEYTİNBURNU;12
35;1128;İZMİR;ALİAĞA;379
35;2006;İZMİR;BALÇOVA;16
35;1178;İZMİR;BAYINDIR;548
35;2056;İZMİR;BAYRAKLI;30
35;1181;İZMİR;BERGAMA;1544
35;1776;İZMİR;BEYDAĞ;172
35;1203;İZMİR;BORNOVA;220
35;1780;İZMİR;BUCA;178
35;1251;İZMİR;ÇEŞME;285
35;2007;İZMİR;ÇİĞLİ;139
35;1280;İZMİR;DİKİLİ;534
35;1334;İZMİR;FOÇA;251
35;2009;İZMİR;GAZİEMİR;70
35;2018;İZMİR;GÜZELBAHÇE;77
35;2057;İZMİR;KARABAĞLAR;89
35;1432;İZMİR;KARABURUN;421
35;1448;İZMİR;KARŞIYAKA;51
35;1461;İZMİR;KEMALPAŞA;681
35;1467;İZMİR;KINIK;479
35;1477;İZMİR;KİRAZ;573
35;1819;İZMİR;KONAK;24
35;1826;İZMİR;MENDERES;777
35;1521;İZMİR;MENEMEN;573
35;2013;İZMİR;NARLIDERE;50
35;1563;İZMİR;ÖDEMİŞ;1019
35;1611;İZMİR;SEFERİHİSAR;375
35;1612;İZMİR;SELÇUK;317
35;1677;İZMİR;TİRE;716
35;1682;İZMİR;TORBALI;577
35;1703;İZMİR;URLA;727
46;1107;KAHRAMANMARAŞ;AFŞİN;1502
46;1136;KAHRAMANMARAŞ;ANDIRIN;1202
46;1785;KAHRAMANMARAŞ;ÇAĞLAYANCERİT;470
46;2084;KAHRAMANMARAŞ;DULKADİROĞLU;1176
46;1919;KAHRAMANMARAŞ;EKİNÖZÜ;656
46;1299;KAHRAMANMARAŞ;ELBİSTAN;2201
46;1353;KAHRAMANMARAŞ;GÖKSUN;1942
46;1975;KAHRAMANMARAŞ;NURHAK;1028
46;2085;KAHRAMANMARAŞ;ONİKİŞUBAT;2429
46;1570;KAHRAMANMARAŞ;PAZARCIK;1253
46;1694;KAHRAMANMARAŞ;TÜRKOĞLU;660
78;1296;KARABÜK;EFLANİ;674
78;1321;KARABÜK;ESKİPAZAR;754
78;1433;KARABÜK;MERKEZ;790
78;1561;KARABÜK;OVACIK;398
78;1587;KARABÜK;SAFRANBOLU;750
78;1856;KARABÜK;YENİCE;777
70;1768;KARAMAN;AYRANCI;2245
70;1884;KARAMAN;BAŞYAYLA;141
70;1316;KARAMAN;ERMENEK;1242
70;1439;KARAMAN;MERKEZ;4036
70;1862;KARAMAN;KAZIMKARABEKİR;423
70;1983;KARAMAN;SARIVELİLER;590
36;1756;KARS;AKYAKA;417
36;1149;KARS;ARPAÇAY;1165
36;1279;KARS;DİGOR;1092
36;1424;KARS;KAĞIZMAN;1871
36;1447;KARS;MERKEZ;2048
36;1601;KARS;SARIKAMIŞ;2038
36;1614;KARS;SELİM;982
36;1645;KARS;SUSUZ;578
37;1101;KASTAMONU;ABANA;28
37;1867;KASTAMONU;AĞLI;225
37;1140;KASTAMONU;ARAÇ;1446
37;1162;KASTAMONU;AZDAVAY;759
37;1208;KASTAMONU;BOZKURT;308
37;1221;KASTAMONU;CİDE;652
37;1238;KASTAMONU;ÇATALZEYTİN;272
37;1264;KASTAMONU;DADAY;843
37;1277;KASTAMONU;DEVREKANİ;715
37;1915;KASTAMONU;DOĞANYURT;193
37;1940;KASTAMONU;HANÖNÜ;417
37;1805;KASTAMONU;İHSANGAZİ;445
37;1410;KASTAMONU;İNEBOLU;417
37;1450;KASTAMONU;MERKEZ;1847
37;1499;KASTAMONU;KÜRE;406
37;1836;KASTAMONU;PINARBAŞI;546
37;1984;KASTAMONU;SEYDİLER;233
37;1845;KASTAMONU;ŞENPAZAR;252
37;1666;KASTAMONU;TAŞKÖPRÜ;1758
37;1685;KASTAMONU;TOSYA;1302
38;1752;KAYSERİ;AKKIŞLA;371
38;1218;KAYSERİ;BÜNYAN;1210
38;1275;KAYSERİ;DEVELİ;1892
38;1330;KAYSERİ;FELAHİYE;444
38;1936;KAYSERİ;HACILAR;187
38;1409;KAYSERİ;İNCESU;874
38;1863;KAYSERİ;KOCASİNAN;1471
38;1864;KAYSERİ;MELİKGAZİ;668
38;1978;KAYSERİ;ÖZVATAN;270
38;1576;KAYSERİ;PINARBAŞI;3418
38;1603;KAYSERİ;SARIOĞLAN;642
38;1605;KAYSERİ;SARIZ;1173
38;1846;KAYSERİ;TALAS;444
38;1680;KAYSERİ;TOMARZA;1405
38;1715;KAYSERİ;YAHYALI;1587
38;1727;KAYSERİ;YEŞİLHİSAR;913
71;1880;KIRIKKALE;BAHŞILI;266
71;1882;KIRIKKALE;BALIŞEYH;623
71;1901;KIRIKKALE;ÇELEBİ;223
71;1268;KIRIKKALE;DELİCE;970
71;1954;KIRIKKALE;KARAKEÇİLİ;137
71;1463;KIRIKKALE;KESKİN;1129
71;1469;KIRIKKALE;MERKEZ;432
71;1638;KIRIKKALE;SULAKYURT;708
71;1992;KIRIKKALE;YAHŞİHAN;304
39;1163;KIRKLARELİ;BABAESKİ;670
39;1270;KIRKLARELİ;DEMİRKÖY;893
39;1471;KIRKLARELİ;MERKEZ;1623
39;1480;KIRKLARELİ;KOFÇAZ;545
39;1505;KIRKLARELİ;LÜLEBURGAZ;1016
39;1572;KIRKLARELİ;PEHLİVANKÖY;104
39;1577;KIRKLARELİ;PINARHİSAR;518
39;1714;KIRKLARELİ;VİZE;1090
40;1869;KIRŞEHİR;AKÇAKENT;370
40;1754;KIRŞEHİR;AKPINAR;582
40;1890;KIRŞEHİR;BOZTEPE;747
40;1254;KIRŞEHİR;ÇİÇEKDAĞI;891
40;1429;KIRŞEHİR;KAMAN;1284
40;1472;KIRŞEHİR;MERKEZ;1719
40;1529;KIRŞEHİR;MUCUR;992
79;2023;KİLİS;ELBEYLİ;238
79;1476;KİLİS;MERKEZ;610
79;2024;KİLİS;MUSABEYLİ;346
79;2025;KİLİS;POLATELİ;218
41;2058;KOCAELİ;BAŞİSKELE;209
41;2059;KOCAELİ;ÇAYIROVA;23
41;2060;KOCAELİ;DARICA;23
41;2030;KOCAELİ;DERİNCE;198
41;2061;KOCAELİ;DİLOVASI;125
41;1338;KOCAELİ;GEBZE;418
41;1355;KOCAELİ;GÖLCÜK;217
41;2062;KOCAELİ;İZMİT;480
41;1430;KOCAELİ;KANDIRA;840
41;1440;KOCAELİ;KARAMÜRSEL;262
41;2063;KOCAELİ;KARTEPE;301
41;1821;KOCAELİ;KÖRFEZ;301
42;1868;KONYA;AHIRLI;325
42;1753;KONYA;AKÖREN;640
42;1122;KONYA;AKŞEHİR;895
42;1760;KONYA;ALTINEKİN;1312
42;1188;KONYA;BEYŞEHİR;2054
42;1207;KONYA;BOZKIR;1105
42;1222;KONYA;CİHANBEYLİ;3702
42;1902;KONYA;ÇELTİK;640
42;1262;KONYA;ÇUMRA;2089
42;1907;KONYA;DERBENT;359
42;1789;KONYA;DEREBUCAK;451
42;1285;KONYA;DOĞANHİSAR;482
42;1920;KONYA;EMİRGAZİ;798
42;1312;KONYA;EREĞLİ;2214
42;1933;KONYA;GÜNEYSINIR;482
42;1375;KONYA;HADİM;1165
42;1937;KONYA;HALKAPINAR;605
42;1804;KONYA;HÜYÜK;443
42;1400;KONYA;ILGIN;1636
42;1422;KONYA;KADINHANI;1568
42;1441;KONYA;KARAPINAR;2623
42;1814;KONYA;KARATAY;2832
42;1491;KONYA;KULU;2234
42;1827;KONYA;MERAM;1822
42;1598;KONYA;SARAYÖNÜ;1620
42;1839;KONYA;SELÇUKLU;1931
42;1617;KONYA;SEYDİŞEHİR;1458
42;1848;KONYA;TAŞKENT;457
42;1990;KONYA;TUZLUKÇU;704
42;1994;KONYA;YALIHÜYÜK;94
42;1735;KONYA;YUNAK;2101
43;1132;KÜTAHYA;ALTINTAŞ;941
43;1764;KÜTAHYA;ASLANAPA;731
43;1898;KÜTAHYA;ÇAVDARHİSAR;429
43;1288;KÜTAHYA;DOMANİÇ;539
43;1790;KÜTAHYA;DUMLUPINAR;250
43;1304;KÜTAHYA;EMET;951
43;1339;KÜTAHYA;GEDİZ;1193
43;1802;KÜTAHYA;HİSARCIK;370
43;1500;KÜTAHYA;MERKEZ;2470
43;1979;KÜTAHYA;PAZARLAR;115
43;1625;KÜTAHYA;SİMAV;1515
43;1843;KÜTAHYA;ŞAPHANE;229
43;1671;KÜTAHYA;TAVŞANLI;1899
44;1114;MALATYA;AKÇADAĞ;1118
44;1143;MALATYA;ARAPGİR;987
44;1148;MALATYA;ARGUVAN;1096
44;1772;MALATYA;BATTALGAZİ;947
44;1265;MALATYA;DARENDE;1482
44;1286;MALATYA;DOĞANŞEHİR;1364
44;1914;MALATYA;DOĞANYOL;177
44;1390;MALATYA;HEKİMHAN;1514
44;1953;MALATYA;KALE;237
44;1969;MALATYA;KULUNCAK;645
44;1582;MALATYA;PÜTÜRGE;1086
44;1995;MALATYA;YAZIHAN;653
44;1729;MALATYA;YEŞİLYURT;953
45;1751;MANİSA;AHMETLİ;227
45;1118;MANİSA;AKHİSAR;1645
45;1127;MANİSA;ALAŞEHİR;971
45;1269;MANİSA;DEMİRCİ;1321
45;1793;MANİSA;GÖLMARMARA;310
45;1362;MANİSA;GÖRDES;902
45;1470;MANİSA;KIRKAĞAÇ;541
45;1965;MANİSA;KÖPRÜBAŞI;447
45;1489;MANİSA;KULA;981
45;1590;MANİSA;SALİHLİ;1359
45;1600;MANİSA;SARIGÖL;432
45;1606;MANİSA;SARUHANLI;771
45;1613;MANİSA;SELENDİ;726
45;1634;MANİSA;SOMA;820
45;2086;MANİSA;ŞEHZADELER;515
45;1689;MANİSA;TURGUTLU;549
45;2087;MANİSA;YUNUSEMRE;823
47;2088;MARDİN;ARTUKLU;885
47;1787;MARDİN;DARGEÇİT;519
47;1273;MARDİN;DERİK;1381
47;1474;MARDİN;KIZILTEPE;1236
47;1519;MARDİN;MAZIDAĞI;850
47;1526;MARDİN;MİDYAT;1241
47;1547;MARDİN;NUSAYBİN;1079
47;1564;MARDİN;ÖMERLİ;458
47;1609;MARDİN;SAVUR;962
47;2002;MARDİN;YEŞİLLİ;168
33;2064;MERSİN;AKDENİZ;265
33;1135;MERSİN;ANAMUR;1430
33;1766;MERSİN;AYDINCIK;352
33;1779;MERSİN;BOZYAZI;642
33;1892;MERSİN;ÇAMLIYAYLA;602
33;1311;MERSİN;ERDEMLİ;2279
33;1366;MERSİN;GÜLNAR;1416
33;2065;MERSİN;MEZİTLİ;371
33;1536;MERSİN;MUT;2718
33;1621;MERSİN;SİLİFKE;2692
33;1665;MERSİN;TARSUS;2029
33;2066;MERSİN;TOROSLAR;1075
33;2067;MERSİN;YENİŞEHİR;139
48;1197;MUĞLA;BODRUM;650
48;1742;MUĞLA;DALAMAN;608
48;1266;MUĞLA;DATÇA;436
48;1331;MUĞLA;FETHİYE;875
48;1958;MUĞLA;KAVAKLIDERE;302
48;1488;MUĞLA;KÖYCEĞİZ;1329
48;1517;MUĞLA;MARMARİS;906
48;2089;MUĞLA;MENTEŞE;1659
48;1528;MUĞLA;MİLAS;2067
48;1831;MUĞLA;ORTACA;285
48;2090;MUĞLA;SEYDİKEMER;2208
48;1695;MUĞLA;ULA;479
48;1719;MUĞLA;YATAĞAN;851
49;1213;MUŞ;BULANIK;1948
49;1801;MUŞ;HASKÖY;264
49;1964;MUŞ;KORKUT;775
49;1510;MUŞ;MALAZGİRT;1595
49;1534;MUŞ;MERKEZ;2818
49;1711;MUŞ;VARTO;1318
50;1749;NEVŞEHİR;ACIGÖL;456
50;1155;NEVŞEHİR;AVANOS;995
50;1274;NEVŞEHİR;DERİNKUYU;473
50;1367;NEVŞEHİR;GÜLŞEHİR;879
50;1374;NEVŞEHİR;HACIBEKTAŞ;750
50;1485;NEVŞEHİR;KOZAKLI;772
50;1543;NEVŞEHİR;MERKEZ;574
50;1707;NEVŞEHİR;ÜRGÜP;587
51;1876;NİĞDE;ALTUNHİSAR;552
51;1201;NİĞDE;BOR;1522
51;1225;NİĞDE;ÇAMARDI;1163
51;1904;NİĞDE;ÇİFTLİK;400
51;1544;NİĞDE;MERKEZ;2223
51;1700;NİĞDE;ULUKIŞLA;1375
52;1119;ORDU;AKKUŞ;697
52;2103;ORDU;ALTINORDU;410
52;1158;ORDU;AYBASTI;250
52;1891;ORDU;ÇAMAŞ;81
52;1897;ORDU;ÇATALPINAR;101
52;1900;ORDU;ÇAYBAŞI;102
52;1328;ORDU;FATSA;363
52;1358;ORDU;GÖLKÖY;421
52;1795;ORDU;GÜLYALI;62
52;1797;ORDU;GÜRGENTEPE;185
52;1947;ORDU;İKİZCE;148
52;1950;ORDU;KABADÜZ;343
52;1951;ORDU;KABATAŞ;74
52;1482;ORDU;KORGAN;254
52;1493;ORDU;KUMRU;296
52;1525;ORDU;MESUDİYE;1046
52;1573;ORDU;PERŞEMBE;217
52;1696;ORDU;ULUBEY;295
52;1706;ORDU;ÜNYE;569
80;1165;OSMANİYE;BAHÇE;208
80;1743;OSMANİYE;DÜZİÇİ;595
80;2027;OSMANİYE;HASANBEYLİ;168
80;1423;OSMANİYE;KADİRLİ;1021
80;1560;OSMANİYE;MERKEZ;859
80;2028;OSMANİYE;SUMBAS;358
80;2029;OSMANİYE;TOPRAKKALE;112
53;1146;RİZE;ARDEŞEN;376
53;1228;RİZE;ÇAMLIHEMŞİN;897
53;1241;RİZE;ÇAYELİ;442
53;1908;RİZE;DEREPAZARI;28
53;1332;RİZE;FINDIKLI;383
53;1796;RİZE;GÜNEYSU;159
53;1943;RİZE;HEMŞİN;134
53;1405;RİZE;İKİZDERE;855
53;1949;RİZE;İYİDERE;28
53;1428;RİZE;KALKANDERE;107
53;1569;RİZE;PAZAR;173
53;1586;RİZE;MERKEZ;253
54;2068;SAKARYA;ADAPAZARI;324
54;1123;SAKARYA;AKYAZI;628
54;2069;SAKARYA;ARİFİYE;75
54;2070;SAKARYA;ERENLER;136
54;1925;SAKARYA;FERİZLİ;173
54;1351;SAKARYA;GEYVE;662
54;1391;SAKARYA;HENDEK;646
54;1955;SAKARYA;KARAPÜRÇEK;142
54;1442;SAKARYA;KARASU;411
54;1453;SAKARYA;KAYNARCA;343
54;1818;SAKARYA;KOCAALİ;254
54;1833;SAKARYA;PAMUKOVA;289
54;1595;SAKARYA;SAPANCA;173
54;2071;SAKARYA;SERDİVAN;130
54;1986;SAKARYA;SÖĞÜTLÜ;145
54;1847;SAKARYA;TARAKLI;292
55;1830;SAMSUN;19 MAYIS;234
55;1125;SAMSUN;ALAÇAM;598
55;1763;SAMSUN;ASARCIK;253
55;2072;SAMSUN;ATAKUM;351
55;1879;SAMSUN;AYVACIK;382
55;1164;SAMSUN;BAFRA;1503
55;2073;SAMSUN;CANİK;264
55;1234;SAMSUN;ÇARŞAMBA;774
55;1386;SAMSUN;HAVZA;865
55;2074;SAMSUN;İLKADIM;155
55;1452;SAMSUN;KAVAK;697
55;1501;SAMSUN;LADİK;541
55;1838;SAMSUN;SALIPAZARI;356
55;1849;SAMSUN;TEKKEKÖY;326
55;1676;SAMSUN;TERME;548
55;1712;SAMSUN;VEZİRKÖPRÜ;1674
55;1993;SAMSUN;YAKAKENT;204
56;1179;SİİRT;BAYKAN;488
56;1317;SİİRT;ERUH;1061
56;1495;SİİRT;KURTALAN;811
56;1575;SİİRT;PERVARİ;1651
56;1620;SİİRT;MERKEZ;633
56;1662;SİİRT;ŞİRVAN;936
56;1878;SİİRT;TİLLO;138
57;1156;SİNOP;AYANCIK;862
57;1204;SİNOP;BOYABAT;1512
57;1910;SİNOP;DİKMEN;411
57;1290;SİNOP;DURAĞAN;995
57;1314;SİNOP;ERFELEK;412
57;1349;SİNOP;GERZE;487
57;1981;SİNOP;SARAYDÜZÜ;334
57;1627;SİNOP;MERKEZ;442
57;1693;SİNOP;TÜRKELİ;263
58;1870;SİVAS;AKINCILAR;432
58;1875;SİVAS;ALTINYAYLA;654
58;1282;SİVAS;DİVRİĞİ;2632
58;1913;SİVAS;DOĞANŞAR;370
58;1342;SİVAS;GEMEREK;1131
58;1927;SİVAS;GÖLOVA;286
58;1373;SİVAS;GÜRÜN;2632
58;1376;SİVAS;HAFİK;1765
58;1407;SİVAS;İMRANLI;1292
58;1431;SİVAS;KANGAL;3342
58;1484;SİVAS;KOYULHİSAR;891
58;1628;SİVAS;MERKEZ;3488
58;1646;SİVAS;SUŞEHRİ;939
58;1650;SİVAS;ŞARKIŞLA;2073
58;1991;SİVAS;ULAŞ;1092
58;1731;SİVAS;YILDIZELİ;2529
58;1738;SİVAS;ZARA;2616
63;1115;ŞANLIURFA;AKÇAKALE;1038
63;1194;ŞANLIURFA;BİRECİK;912
63;1209;ŞANLIURFA;BOZOVA;1329
63;1220;ŞANLIURFA;CEYLANPINAR;1589
63;2091;ŞANLIURFA;EYYÜBİYE;1626
63;1378;ŞANLIURFA;HALFETİ;609
63;2092;ŞANLIURFA;HALİLİYE;1924
63;1800;ŞANLIURFA;HARRAN;904
63;1393;ŞANLIURFA;HİLVAN;1111
63;2093;ŞANLIURFA;KARAKÖPRÜ;1222
63;1630;ŞANLIURFA;SİVEREK;3936
63;1643;ŞANLIURFA;SURUÇ;744
63;1713;ŞANLIURFA;VİRANŞEHİR;2297
73;1189;ŞIRNAK;BEYTÜŞŞEBAP;1647
73;1223;ŞIRNAK;CİZRE;444
73;1931;ŞIRNAK;GÜÇLÜKONAK;466
73;1403;ŞIRNAK;İDİL;1148
73;1623;ŞIRNAK;SİLOPİ;831
73;1661;ŞIRNAK;MERKEZ;1701
73;1698;ŞIRNAK;ULUDERE;841
59;1250;TEKİRDAĞ;ÇERKEZKÖY;86
59;1258;TEKİRDAĞ;ÇORLU;531
59;2094;TEKİRDAĞ;ERGENE;418
59;1388;TEKİRDAĞ;HAYRABOLU;1009
59;2095;TEKİRDAĞ;KAPAKLI;182
59;1511;TEKİRDAĞ;MALKARA;1243
59;1825;TEKİRDAĞ;MARMARAEREĞLİSİ;175
59;1538;TEKİRDAĞ;MURATLI;388
59;1596;TEKİRDAĞ;SARAY;620
59;2096;TEKİRDAĞ;SÜLEYMANPAŞA;1053
59;1652;TEKİRDAĞ;ŞARKÖY;487
60;1129;TOKAT;ALMUS;1033
60;1151;TOKAT;ARTOVA;444
60;1883;TOKAT;BAŞÇİFTLİK;246
60;1308;TOKAT;ERBAA;1173
60;1545;TOKAT;NİKSAR;889
60;1834;TOKAT;PAZAR;188
60;1584;TOKAT;REŞADİYE;1102
60;1987;TOKAT;SULUSARAY;266
60;1679;TOKAT;MERKEZ;2003
60;1690;TOKAT;TURHAL;940
60;1858;TOKAT;YEŞİLYURT;280
60;1740;TOKAT;ZİLE;1480
61;1113;TRABZON;AKÇAABAT;375
61;1141;TRABZON;ARAKLI;464
61;1150;TRABZON;ARSİN;157
61;1775;TRABZON;BEŞİKDÜZÜ;84
61;1896;TRABZON;ÇARŞIBAŞI;66
61;1244;TRABZON;ÇAYKARA;574
61;1909;TRABZON;DERNEKPAZARI;89
61;1917;TRABZON;DÜZKÖY;125
61;1942;TRABZON;HAYRAT;244
61;1966;TRABZON;KÖPRÜBAŞI;189
61;1507;TRABZON;MAÇKA;925
61;1548;TRABZON;OF;258
61;2097;TRABZON;ORTAHİSAR;235
61;1647;TRABZON;SÜRMENE;166
61;1842;TRABZON;ŞALPAZARI;161
61;1681;TRABZON;TONYA;176
61;1709;TRABZON;VAKFIKEBİR;141
61;1732;TRABZON;YOMRA;200
62;1247;TUNCELİ;ÇEMİŞGEZEK;851
62;1397;TUNCELİ;HOZAT;663
62;1518;TUNCELİ;MAZGİRT;702
62;1541;TUNCELİ;NAZIMİYE;543
62;1562;TUNCELİ;OVACIK;1401
62;1574;TUNCELİ;PERTEK;858
62;1581;TUNCELİ;PÜLÜMÜR;1437
62;1688;TUNCELİ;MERKEZ;1128
64;1170;UŞAK;BANAZ;1114
64;1323;UŞAK;EŞME;1156
64;1436;UŞAK;KARAHALLI;330
64;1629;UŞAK;SİVASLI;473
64;1697;UŞAK;ULUBEY;828
64;1704;UŞAK;MERKEZ;1655
65;1770;VAN;BAHÇESARAY;426
65;1175;VAN;BAŞKALE;2727
65;1786;VAN;ÇALDIRAN;1478
65;1236;VAN;ÇATAK;1952
65;1918;VAN;EDREMİT;515
65;1309;VAN;ERCİŞ;2133
65;1350;VAN;GEVAŞ;1544
65;1372;VAN;GÜRPINAR;4028
65;2098;VAN;İPEKYOLU;956
65;1533;VAN;MURADİYE;912
65;1565;VAN;ÖZALP;1430
65;1980;VAN;SARAY;872
65;2099;VAN;TUŞBA;1948
77;2019;YALOVA;ALTINOVA;113
77;2020;YALOVA;ARMUTLU;166
77;2021;YALOVA;ÇINARCIK;178
77;2022;YALOVA;ÇİFTLİKKÖY;136
77;2026;YALOVA;TERMAL;67
77;1716;YALOVA;MERKEZ;139
66;1117;YOZGAT;AKDAĞMADENİ;1810
66;1877;YOZGAT;AYDINCIK;338
66;1198;YOZGAT;BOĞAZLIYAN;1515
66;1895;YOZGAT;ÇANDIR;205
66;1242;YOZGAT;ÇAYIRALAN;995
66;1245;YOZGAT;ÇEKEREK;790
66;1952;YOZGAT;KADIŞEHRİ;472
66;1982;YOZGAT;SARAYKENT;319
66;1602;YOZGAT;SARIKAYA;1018
66;1635;YOZGAT;SORGUN;1768
66;1655;YOZGAT;ŞEFAATLİ;882
66;1998;YOZGAT;YENİFAKILI;390
66;1726;YOZGAT;YERKÖY;1164
66;1733;YOZGAT;MERKEZ;2024
67;1758;ZONGULDAK;ALAPLI;383
67;1240;ZONGULDAK;ÇAYCUMA;492
67;1276;ZONGULDAK;DEVREK;953
67;1313;ZONGULDAK;EREĞLİ;736
67;1926;ZONGULDAK;GÖKÇEBEY;183
67;2100;ZONGULDAK;KİLİMLİ;145
67;2101;ZONGULDAK;KOZLU;177
67;1741;ZONGULDAK;MERKEZ;272